Workbook

Sheet Risk_Register
A1: Vendor Risk Register — CloudFlow Technologies
A2: Nexus Financial Services | Vendor: CloudFlow Technologies | Product: CloudFlow CRM | NEX-TPRM-2026-014 | Report date: 2026-03-06
A3: This is a fictional cybersecurity case study created for educational and portfolio purposes.
A6: Risk ID | B6: Risk Title | C6: Description | D6: Business Impact | E6: Affected Asset | F6: Control Domain | G6: Likelihood | H6: Impact | I6: Inherent Risk | J6: Existing Controls | K6: Residual Likelihood | L6: Residual Impact | M6: Residual Risk | N6: Risk Rating | O6: Risk Owner | P6: Treatment | Q6: Due Date | R6: Status | S6: Acceptance Required | T6: Evidence Reference
A7: VR-001 | B7: Weak Subprocessor Governance | C7: CloudFlow Technologies lacks a consistently documented and formally scored process for evaluating security risks associated with subprocessors. | D7: A weakly governed subprocessor could expose Nexus Confidential CRM data to unauthorized access, availability disruption, or delayed incident awareness. | E7: CloudFlow CRM customer and employee contact data; subprocessor chain | F7: Third-Party / Subprocessor Management | G7: 4 | H7: 4 | I7: =G7*H7 | J7: Subprocessor inventory exists; contractual flow-down clauses for core AWS and selected SaaS utilities; annual review of named subprocessors without standardized risk scoring. | K7: 3 | L7: 4 | M7: =K7*L7 | N7: =IF(M7<=4,"Low",IF(M7<=9,"Moderate",IF(M7<=16,"High","Critical"))) | O7: Jordan Hale, CISO, CloudFlow Technologies (Nexus TPRM owner: Priya Mehta) | P7: Mitigate | Q7: 2026-04-30 | R7: Open — remediation required before unrestricted production use | S7: No — mitigate; residual High until remediation complete | T7: Subprocessor_Management_Summary.pdf; Q-S-048; CTRL-TPRM-004
A8: VR-002 | B8: Insufficient Backup Recovery Testing | C8: Backup restoration testing is performed annually only and may not provide sufficient evidence that critical CRM services can be recovered within expected timeframes. | D8: Nexus sales operations, customer support, and relationship records could remain unavailable longer than business tolerance after a destructive incident. | E8: CloudFlow CRM production data stores and backup media | F8: Business Continuity / Backup Management | G8: 4 | H8: 4 | I8: =G8*H8 | J8: Daily encrypted backups; 30-day operational retention plus 12-month archive; annual restoration test of a non-production snapshot completed 2025-11-12. | K8: 3 | L8: 4 | M8: =K8*L8 | N8: =IF(M8<=4,"Low",IF(M8<=9,"Moderate",IF(M8<=16,"High","Critical"))) | O8: Taylor Nguyen, Director of Infrastructure, CloudFlow Technologies | P8: Mitigate | Q8: 2026-04-30 | R8: Open — quarterly restoration testing required | S8: No — mitigate; residual High until testing cadence improves | T8: Backup_and_Recovery_Summary.pdf; Business_Continuity_Plan.pdf; Q-M-037
A9: VR-003 | B9: Undefined Recovery Point Objective | C9: The vendor does not have a formally documented Recovery Point Objective (RPO) for the CloudFlow CRM platform. | D9: Nexus cannot confirm maximum acceptable data loss. Daily backups imply up to approximately 24 hours of potential data loss, which may exceed Confidential CRM recovery expectations. | E9: CloudFlow CRM platform availability and data integrity | F9: Business Continuity / Disaster Recovery | G9: 4 | H9: 4 | I9: =G9*H9 | J9: Daily backups provide a de facto recovery point of approximately 24 hours; RTO of 8 hours is stated for the production CRM tier in the BCP, but RPO is not formally approved by business and technology owners. | K9: 3 | L9: 4 | M9: =K9*L9 | N9: =IF(M9<=4,"Low",IF(M9<=9,"Moderate",IF(M9<=16,"High","Critical"))) | O9: Taylor Nguyen, Director of Infrastructure, CloudFlow Technologies | P9: Mitigate | Q9: 2026-03-31 | R9: Open — RPO must be documented and contractually committed | S9: No — mitigate | T9: Business_Continuity_Plan.pdf; Backup_and_Recovery_Summary.pdf; Q-L-033
A10: VR-004 | B10: Unclear Incident Notification SLA | C10: The customer notification timeframe following a material cybersecurity incident is not clearly defined. Vendor language uses 'without undue delay' without a clock. | D10: Nexus may be unable to meet its own regulatory, contractual, and customer notification obligations if CloudFlow delays notice after a material incident. | E10: Nexus incident response and regulatory notification obligations | F10: Incident Response | G10: 4 | H10: 4 | I10: =G10*H10 | J10: Formal incident response plan; severity classification; internal 24-hour executive escalation for Severity 1 events; customer notice described as 'without undue delay' and 'as required by law'. | K10: 3 | L10: 4 | M10: =K10*L10 | N10: =IF(M10<=4,"Low",IF(M10<=9,"Moderate",IF(M10<=16,"High","Critical"))) | O10: Morgan Ellis, Director of Security, CloudFlow Technologies | P10: Mitigate | Q10: 2026-03-31 | R10: Open — contractual 24-hour material incident notice required | S10: No — mitigate | T10: Incident_Response_Plan.pdf; Q-J-028, Q-J-029
A11: VR-005 | B11: SOC 2 Type I Only | C11: The available SOC 2 evidence is a Type I report dated 2025-09-30. Type I describes control design at a point in time and provides less assurance about operating effectiveness over a period than a Type II report. | D11: Nexus has reduced independent assurance that described controls operated effectively throughout a review period. | E11: Independent assurance over CloudFlow CRM control environment | F11: Compliance | G11: 3 | H11: 3 | I11: =G11*H11 | J11: SOC 2 Type I (Security and Availability TSC) issued 2025-09-30; no qualified opinion on design; Type II examination in progress targeting 2026-Q4. | K11: 2 | L11: 3 | M11: =K11*L11 | N11: =IF(M11<=4,"Low",IF(M11<=9,"Moderate",IF(M11<=16,"High","Critical"))) | O11: Jordan Hale, CISO, CloudFlow Technologies | P11: Accept | Q11: 2026-12-31 | R11: Accepted with conditions — Type II required as continuous monitoring evidence | S11: Yes — CISO Nexus acceptance with Type II monitoring condition | T11: SOC2_TypeI_Summary.pdf; Q-O-041
A12: VR-006 | B12: No ISO 27001 Certification | C12: CloudFlow Technologies does not hold ISO/IEC 27001 certification. An internal ISMS exists and maps selected ISO 27001 control concepts, but no accredited certification has been obtained. | D12: Absence of certification is not by itself a control failure, but it reduces external validation of the information security management system. | E12: Information security management system assurance | F12: Security Governance / Compliance | G12: 3 | H12: 3 | I12: =G12*H12 | J12: Documented information security policy; named CISO; annual policy review cycle; SOC 2 Type I; internal control mapping to ISO/IEC 27001 Annex A concepts. | K12: 2 | L12: 3 | M12: =K12*L12 | N12: =IF(M12<=4,"Low",IF(M12<=9,"Moderate",IF(M12<=16,"High","Critical"))) | O12: Jordan Hale, CISO, CloudFlow Technologies | P12: Accept | Q12: 2027-06-30 | R12: Accepted with conditions — ISMS evidence accepted in lieu of certification | S12: Yes — accepted provided annual independent assurance continues | T12: Information_Security_Policy.pdf; Q-O-042; Q-A-003
A13: VR-007 | B13: Vulnerability Remediation Window | C13: High-severity vulnerabilities may remain open for up to 30 days under the vendor vulnerability management policy. Critical findings target 7 days, but high-severity internet-facing issues can remain for a full month. | D13: Known exploitable weaknesses in the CRM stack could persist long enough to be targeted, increasing the chance of confidentiality or availability impact. | E13: CloudFlow CRM application and supporting AWS infrastructure | F13: Vulnerability Management | G13: 4 | H13: 3 | I13: =G13*H13 | J13: Monthly authenticated vulnerability scanning; annual independent penetration test; WAF and security groups; 7-day target for Critical; 30-day target for High; exception process with CISO approval. | K13: 3 | L13: 3 | M13: =K13*L13 | N13: =IF(M13<=4,"Low",IF(M13<=9,"Moderate",IF(M13<=16,"High","Critical"))) | O13: Morgan Ellis, Director of Security, CloudFlow Technologies | P13: Accept | Q13: 2026-06-30 | R13: Accepted with conditions — 15-day High SLA requested for internet-facing assets | S13: Yes — accepted if internet-facing High findings meet 15-day target | T13: Vulnerability_Management_Policy.pdf; Penetration_Test_Summary.pdf; Q-F-018
A14: VR-008 | B14: Legacy MFA Gap | C14: Some legacy internal systems do not support multi-factor authentication. Privileged access to CloudFlow CRM production and AWS is MFA-enforced, but a small set of legacy administrative utilities still rely on password plus VPN. | D14: Compromise of a legacy administrative credential could provide a pathway toward production support tooling if network segmentation fails. | E14: Legacy internal admin utilities (not customer-facing CRM UI) | F14: Identity and Access Management | G14: 4 | H14: 4 | I14: =G14*H14 | J14: MFA for production CRM, AWS IAM (privileged), and corporate SSO; VPN required for legacy tools; quarterly access reviews; privileged access via jump host for AWS. | K14: 3 | L14: 3 | M14: =K14*L14 | N14: =IF(M14<=4,"Low",IF(M14<=9,"Moderate",IF(M14<=16,"High","Critical"))) | O14: Morgan Ellis, Director of Security, CloudFlow Technologies | P14: Mitigate | Q14: 2026-05-15 | R14: Open — MFA or compensating control required on remaining legacy admin tools | S14: No — mitigate | T14: Access_Control_Policy.pdf; Q-C-009

Sheet Dashboard
A1: Risk register dashboard
A2: Nexus Financial Services | Vendor: CloudFlow Technologies | Product: CloudFlow CRM | NEX-TPRM-2026-014 | Report date: 2026-03-06
A3: This is a fictional cybersecurity case study created for educational and portfolio purposes.
A6: Metric | B6: Value
A7: Count of risks | B7: =COUNTA(Risk_Register!A7:A14)
A8: High residual (rating High) | B8: =COUNTIF(Risk_Register!N7:N14,"High")
A9: Moderate residual | B9: =COUNTIF(Risk_Register!N7:N14,"Moderate")
A10: Low residual | B10: =COUNTIF(Risk_Register!N7:N14,"Low")
A11: Critical residual | B11: =COUNTIF(Risk_Register!N7:N14,"Critical")
A12: Treatments = Mitigate | B12: =COUNTIF(Risk_Register!P7:P14,"Mitigate")
A13: Treatments = Accept | B13: =COUNTIF(Risk_Register!P7:P14,"Accept")
A15: Overall vendor residual risk rating | B15: High
A16: Recommendation | B16: Conditional Approval
A18: This is a fictional cybersecurity case study created for educational and portfolio purposes.

Sheet Scoring_Scale
A1: 5x5 scoring scale used by formulas
A2: Nexus Financial Services | Vendor: CloudFlow Technologies | Product: CloudFlow CRM | NEX-TPRM-2026-014 | Report date: 2026-03-06
A3: This is a fictional cybersecurity case study created for educational and portfolio purposes.
A6: Score range | B6: Rating
A7: 1–4 | B7: Low
A8: 5–9 | B8: Moderate
A9: 10–16 | B9: High
A10: 17–25 | B10: Critical
A12: Formula | B12: Risk Score = Likelihood × Impact
